2016-01-01 17:55:58,2016-01-01 17:56:00
2016-01-01 17:55:59,2016-01-01 17:56:00
2016-01-01 17:55:59,2016-01-01 17:56:01
2016-01-01 17:56:00,2016-01-01 17:56:01
2016-01-01 17:56:00,2016-01-01 17:56:03
2016-01-01 17:56:01,2016-01-01 17:56:03
2016-01-01 17:56:02,2016-01-01 17:56:03
2016-01-01 17:56:02,2016-01-01 17:56:04
2016-01-01 17:56:03,2016-01-01 17:56:04
2016-01-01 17:56:03,2016-01-01 17:56:06
2016-01-01 17:56:04,2016-01-01 17:56:06
2016-01-01 17:56:05,2016-01-01 17:56:06
2016-01-01 17:56:05,2016-01-01 17:56:16
2016-01-01 17:56:06,2016-01-01 17:56:16
2016-01-01 17:56:07,2016-01-01 17:56:16
2016-01-01 17:56:08,2016-01-01 17:56:16
2016-01-01 17:56:08,2016-01-01 17:56:20
2016-01-01 17:56:09,2016-01-01 17:56:20
2016-01-01 17:56:10,2016-01-01 17:56:20
2016-01-01 17:56:11,2016-01-01 17:56:20
2016-01-01 17:56:12,2016-01-01 17:56:20
2016-01-01 17:56:12,2016-01-01 17:56:23
2016-01-01 17:56:13,2016-01-01 17:56:23
2016-01-01 17:56:14,2016-01-01 17:56:23
2016-01-01 17:56:15,2016-01-01 17:56:23
2016-01-01 17:56:15,2016-01-01 17:56:24
2016-01-01 17:56:15,2016-01-01 17:56:26
2016-01-01 17:56:16,2016-01-01 17:56:26
2016-01-01 17:56:17,2016-01-01 17:56:26
2016-01-01 17:56:18,2016-01-01 17:56:26
2016-01-01 17:56:19,2016-01-01 17:56:26
2016-01-01 17:56:20,2016-01-01 17:56:26
2016-01-01 17:56:20,2016-01-01 17:56:31
2016-01-01 17:56:21,2016-01-01 17:56:31
2016-01-01 17:56:22,2016-01-01 17:56:31
2016-01-01 17:56:23,2016-01-01 17:56:31
2016-01-01 17:56:23,2016-01-01 17:56:32
2016-01-01 17:56:24,2016-01-01 17:56:32
2016-01-01 17:56:25,2016-01-01 17:56:32
2016-01-01 17:56:26,2016-01-01 17:56:32
2016-01-01 17:56:27,2016-01-01 17:56:32
2016-01-01 17:56:27,2016-01-01 17:56:38
2016-01-01 17:56:28,2016-01-01 17:56:38
2016-01-01 17:56:29,2016-01-01 17:56:38
2016-01-01 17:56:30,2016-01-01 17:56:38
2016-01-01 17:56:31,2016-01-01 17:56:38
2016-01-01 17:56:32,2016-01-01 17:56:38
2016-01-01 17:56:32,2016-01-01 17:56:39
2016-01-01 17:56:33,2016-01-01 17:56:39
2016-01-01 17:56:33,2016-01-01 17:56:43
2016-01-01 17:56:34,2016-01-01 17:56:43
2016-01-01 17:56:35,2016-01-01 17:56:43
2016-01-01 17:56:36,2016-01-01 17:56:43
2016-01-01 17:56:37,2016-01-01 17:56:43
2016-01-01 17:56:38,2016-01-01 17:56:43
2016-01-01 17:56:39,2016-01-01 17:56:43
2016-01-01 17:56:39,2016-01-01 17:56:52
2016-01-01 17:56:40,2016-01-01 17:56:52
2016-01-01 17:56:41,2016-01-01 17:56:52
2016-01-01 17:56:42,2016-01-01 17:56:52
2016-01-01 17:56:43,2016-01-01 17:56:52
2016-01-01 17:56:44,2016-01-01 17:56:52
2016-01-01 17:56:45,2016-01-01 17:56:52
2016-01-01 17:56:45,2016-01-01 17:56:58
2016-01-01 17:56:46,2016-01-01 17:56:58
2016-01-01 17:56:47,2016-01-01 17:56:58
2016-01-01 17:56:48,2016-01-01 17:56:58
2016-01-01 17:56:49,2016-01-01 17:56:58
2016-01-01 17:56:50,2016-01-01 17:56:58
2016-01-01 17:56:51,2016-01-01 17:56:58
2016-01-01 17:56:51,2016-01-01 17:57:02
2016-01-01 17:56:52,2016-01-01 17:57:02
2016-01-01 17:56:53,2016-01-01 17:57:02
2016-01-01 17:56:54,2016-01-01 17:57:02
2016-01-01 17:56:55,2016-01-01 17:57:02
2016-01-01 17:56:54,2016-01-01 17:57:03
2016-01-01 17:56:55,2016-01-01 17:57:03
2016-01-01 17:56:55,2016-01-01 17:57:08
2016-01-01 17:56:56,2016-01-01 17:57:08
2016-01-01 17:56:57,2016-01-01 17:57:08
2016-01-01 17:56:58,2016-01-01 17:57:08
2016-01-01 17:56:59,2016-01-01 17:57:08
2016-01-01 17:57:00,2016-01-01 17:57:08
2016-01-01 17:57:01,2016-01-01 17:57:08
2016-01-01 17:57:01,2016-01-01 17:57:11
2016-01-01 17:57:02,2016-01-01 17:57:11
2016-01-01 17:57:03,2016-01-01 17:57:11
2016-01-01 17:57:04,2016-01-01 17:57:11
2016-01-01 17:57:05,2016-01-01 17:57:11
2016-01-01 17:57:05,2016-01-01 17:57:14
2016-01-01 17:57:06,2016-01-01 17:57:14
2016-01-01 17:57:06,2016-01-01 17:57:15
2016-01-01 17:57:07,2016-01-01 17:57:15
2016-01-01 17:57:08,2016-01-01 17:57:15
2016-01-01 17:57:09,2016-01-01 17:57:15
2016-01-01 17:57:09,2016-01-01 17:57:21
2016-01-01 17:57:10,2016-01-01 17:57:21
2016-01-01 17:57:11,2016-01-01 17:57:21
2016-01-01 17:57:12,2016-01-01 17:57:21
2016-01-01 17:57:13,2016-01-01 17:57:21
2016-01-01 17:57:14,2016-01-01 17:57:21
2016-01-01 17:57:15,2016-01-01 17:57:21
2016-01-01 17:57:15,2016-01-01 17:57:32
2016-01-01 17:57:16,2016-01-01 17:57:32
2016-01-01 17:57:17,2016-01-01 17:57:32
2016-01-01 17:57:18,2016-01-01 17:57:32
2016-01-01 17:57:19,2016-01-01 17:57:32
2016-01-01 17:57:20,2016-01-01 17:57:32
2016-01-01 17:57:21,2016-01-01 17:57:32
2016-01-01 17:57:21,2016-01-01 17:57:37
2016-01-01 17:57:22,2016-01-01 17:57:37
2016-01-01 17:57:23,2016-01-01 17:57:37
2016-01-01 17:57:24,2016-01-01 17:57:37
2016-01-01 17:57:25,2016-01-01 17:57:37
2016-01-01 17:57:26,2016-01-01 17:57:37
2016-01-01 17:57:26,2016-01-01 17:57:40
2016-01-01 17:57:27,2016-01-01 17:57:40
2016-01-01 17:57:28,2016-01-01 17:57:40
2016-01-01 17:57:29,2016-01-01 17:57:40
2016-01-01 17:57:30,2016-01-01 17:57:40
2016-01-01 17:57:31,2016-01-01 17:57:40
2016-01-01 17:57:32,2016-01-01 17:57:40
2016-01-01 17:57:32,2016-01-01 17:57:46
2016-01-01 17:57:33,2016-01-01 17:57:46
2016-01-01 17:57:34,2016-01-01 17:57:46
2016-01-01 17:57:35,2016-01-01 17:57:46
2016-01-01 17:57:36,2016-01-01 17:57:46
2016-01-01 17:57:37,2016-01-01 17:57:46
2016-01-01 17:57:37,2016-01-01 17:57:51
2016-01-01 17:57:38,2016-01-01 17:57:51
2016-01-01 17:57:39,2016-01-01 17:57:51
2016-01-01 17:57:40,2016-01-01 17:57:51
2016-01-01 17:57:41,2016-01-01 17:57:51
2016-01-01 17:57:42,2016-01-01 17:57:51
2016-01-01 17:57:42,2016-01-01 17:57:58
2016-01-01 17:57:43,2016-01-01 17:57:58
2016-01-01 17:57:44,2016-01-01 17:57:58
2016-01-01 17:57:45,2016-01-01 17:57:58
2016-01-01 17:57:46,2016-01-01 17:57:58
2016-01-01 17:57:47,2016-01-01 17:57:58
2016-01-01 17:57:48,2016-01-01 17:57:58
2016-01-01 17:57:49,2016-01-01 17:57:58
2016-01-01 17:57:49,2016-01-01 17:58:05
